{
	"result": [
              {
                "desc": "John Smith Annual Party Reservation",
                "amount":"270.00",
                "children" : [
                              {
                                "desc": "Party Room #3",
                                "amount":"200.00"
                              },
                              {
                                "desc": "Projectorn",
                                "amount":"60.00"
                              },
                              {
                                "desc": "Tax & Transaction Fee",
                                "amount":"10.00"
                              }
                             ]
              },
              {
                "desc": "Reservation test1",
                "amount":"270.00",
                "children" : [
                              {
                                "desc": "Party Room #3",
                                "amount":"200.00"
                              },
                              {
                                "desc": "Projectorn",
                                "amount":"60.00"
                              },
                              {
                                "desc": "Tax & Transaction Fee",
                                "amount":"10.00"
                              }
                             ]
              },
              {
                "desc": "Reservation test2",
                "amount":"270.00",
                "children" : [
                              {
                                "desc": "Party Room #3",
                                "amount":"200.00"
                              },
                              {
                                "desc": "Projectorn",
                                "amount":"60.00"
                              },
                              {
                                "desc": "Tax & Transaction Fee",
                                "amount":"10.00"
                              }
                             ]
              }
           ]
}