[{"name":"111111Lois Center without Facility","id":138,"all_facility_apply_skip_date":false,"all_equipment_apply_skip_date":false,"all_facility_apply_holiday_rate":false,"all_equipment_apply_holiday_rate":false,"facilities":null,"site_id":28},{"name":"14.5 Sprint 4 Moon's center","id":151,"all_facility_apply_skip_date":false,"all_equipment_apply_skip_date":false,"all_facility_apply_holiday_rate":false,"all_equipment_apply_holiday_rate":false,"facilities":null,"site_id":28},{"name":"3 center","id":149,"all_facility_apply_skip_date":false,"all_equipment_apply_skip_date":false,"all_facility_apply_holiday_rate":false,"all_equipment_apply_holiday_rate":false,"facilities":null,"site_id":44},{"name":"33 center","id":150,"all_facility_apply_skip_date":false,"all_equipment_apply_skip_date":false,"all_facility_apply_holiday_rate":false,"all_equipment_apply_holiday_rate":false,"facilities":null,"site_id":44},{"name":"A-Richard New Center","id":143,"all_facility_apply_skip_date":false,"all_equipment_apply_skip_date":false,"all_facility_apply_holiday_rate":false,"all_equipment_apply_holiday_rate":false,"facilities":null,"site_id":41},{"name":"Address map test","id":141,"all_facility_apply_skip_date":false,"all_equipment_apply_skip_date":false,"all_facility_apply_holiday_rate":false,"all_equipment_apply_holiday_rate":false,"facilities":null,"site_id":28},{"name":"Address map test","id":142,"all_facility_apply_skip_date":false,"all_equipment_apply_skip_date":false,"all_facility_apply_holiday_rate":false,"all_equipment_apply_holiday_rate":false,"facilities":null,"site_id":28},{"name":"Anderson Munger Family YMCA_LONG NAME TEST_LONG NA","id":2,"all_facility_apply_skip_date":false,"all_equipment_apply_skip_date":false,"all_facility_apply_holiday_rate":false,"all_equipment_apply_holiday_rate":false,"facilities":null,"site_id":28},{"name":"ANT Quartz Hill CC Site","id":49,"all_facility_apply_skip_date":false,"all_equipment_apply_skip_date":false,"all_facility_apply_holiday_rate":false,"all_equipment_apply_holiday_rate":false,"facilities":null,"site_id":6},{"name":"ANT Sundown CC Site","id":48,"all_facility_apply_skip_date":false,"all_equipment_apply_skip_date":false,"all_facility_apply_holiday_rate":false,"all_equipment_apply_holiday_rate":false,"facilities":null,"site_id":6},{"name":"Antelope Valley Family YMCA","id":3,"all_facility_apply_skip_date":false,"all_equipment_apply_skip_date":false,"all_facility_apply_holiday_rate":false,"all_equipment_apply_holiday_rate":false,"facilities":null,"site_id":6},{"name":"Becky center","id":153,"all_facility_apply_skip_date":false,"all_equipment_apply_skip_date":false,"all_facility_apply_holiday_rate":false,"all_equipment_apply_holiday_rate":false,"facilities":null,"site_id":50},{"name":"Camping Services","id":5,"all_facility_apply_skip_date":false,"all_equipment_apply_skip_date":false,"all_facility_apply_holiday_rate":false,"all_equipment_apply_holiday_rate":false,"facilities":null,"site_id":10},{"name":"Center used to check online calendar center overla","id":147,"all_facility_apply_skip_date":false,"all_equipment_apply_skip_date":false,"all_facility_apply_holiday_rate":false,"all_equipment_apply_holiday_rate":false,"facilities":null,"site_id":39},{"name":"Crenshaw Family YMCA","id":8,"all_facility_apply_skip_date":false,"all_equipment_apply_skip_date":false,"all_facility_apply_holiday_rate":false,"all_equipment_apply_holiday_rate":false,"facilities":null,"site_id":29},{"name":"CRS Program Center CC Site","id":50,"all_facility_apply_skip_date":false,"all_equipment_apply_skip_date":false,"all_facility_apply_holiday_rate":false,"all_equipment_apply_holiday_rate":false,"facilities":null,"site_id":29},{"name":"CRS Tom Bradley CC Site","id":51,"all_facility_apply_skip_date":false,"all_equipment_apply_skip_date":false,"all_facility_apply_holiday_rate":false,"all_equipment_apply_holiday_rate":false,"facilities":null,"site_id":29},{"name":"Culver-Palms Family YMCA","id":9,"all_facility_apply_skip_date":false,"all_equipment_apply_skip_date":false,"all_facility_apply_holiday_rate":false,"all_equipment_apply_holiday_rate":false,"facilities":null,"site_id":14},{"name":"CUP Culver Pre-School","id":53,"all_facility_apply_skip_date":false,"all_equipment_apply_skip_date":false,"all_facility_apply_holiday_rate":false,"all_equipment_apply_holiday_rate":false,"facilities":null,"site_id":14},{"name":"CUP Palms CC Site","id":52,"all_facility_apply_skip_date":false,"all_equipment_apply_skip_date":false,"all_facility_apply_holiday_rate":false,"all_equipment_apply_holiday_rate":false,"facilities":null,"site_id":14},{"name":"ddu's Center","id":131,"all_facility_apply_skip_date":false,"all_equipment_apply_skip_date":false,"all_facility_apply_holiday_rate":false,"all_equipment_apply_holiday_rate":false,"facilities":null,"site_id":36},{"name":"DOW Gallatin CC Site","id":54,"all_facility_apply_skip_date":false,"all_equipment_apply_skip_date":false,"all_facility_apply_holiday_rate":false,"all_equipment_apply_holiday_rate":false,"facilities":null,"site_id":16},{"name":"DOW Imperial CC Site","id":56,"all_facility_apply_skip_date":false,"all_equipment_apply_skip_date":false,"all_facility_apply_holiday_rate":false,"all_equipment_apply_holiday_rate":false,"facilities":null,"site_id":16},{"name":"DOW Price CC Site","id":58,"all_facility_apply_skip_date":false,"all_equipment_apply_skip_date":false,"all_facility_apply_holiday_rate":false,"all_equipment_apply_holiday_rate":false,"facilities":null,"site_id":16},{"name":"DOW Rio Hondo CC Site","id":55,"all_facility_apply_skip_date":false,"all_equipment_apply_skip_date":false,"all_facility_apply_holiday_rate":false,"all_equipment_apply_holiday_rate":false,"facilities":null,"site_id":16},{"name":"Downey Family YMCA","id":13,"all_facility_apply_skip_date":false,"all_equipment_apply_skip_date":false,"all_facility_apply_holiday_rate":false,"all_equipment_apply_holiday_rate":false,"facilities":null,"site_id":16},{"name":"East LA Wellness Center","id":105,"all_facility_apply_skip_date":false,"all_equipment_apply_skip_date":false,"all_facility_apply_holiday_rate":false,"all_equipment_apply_holiday_rate":false,"facilities":null,"site_id":17},{"name":"East Valley Family YMCA","id":12,"all_facility_apply_skip_date":false,"all_equipment_apply_skip_date":false,"all_facility_apply_holiday_rate":false,"all_equipment_apply_holiday_rate":false,"facilities":null,"site_id":18},{"name":"ELA Sunrise CC Site","id":92,"all_facility_apply_skip_date":false,"all_equipment_apply_skip_date":false,"all_facility_apply_holiday_rate":false,"all_equipment_apply_holiday_rate":false,"facilities":null,"site_id":17},{"name":"EVY Carpenter CC Site","id":60,"all_facility_apply_skip_date":false,"all_equipment_apply_skip_date":false,"all_facility_apply_holiday_rate":false,"all_equipment_apply_holiday_rate":false,"facilities":null,"site_id":18},{"name":"EVY Toluca Lake CC Site","id":59,"all_facility_apply_skip_date":false,"all_equipment_apply_skip_date":false,"all_facility_apply_holiday_rate":false,"all_equipment_apply_holiday_rate":false,"facilities":null,"site_id":18},{"name":"Fiona Center II","id":132,"all_facility_apply_skip_date":false,"all_equipment_apply_skip_date":false,"all_facility_apply_holiday_rate":false,"all_equipment_apply_holiday_rate":false,"facilities":null,"site_id":28},{"name":"Fiona Pass Validation Center","id":154,"all_facility_apply_skip_date":false,"all_equipment_apply_skip_date":false,"all_facility_apply_holiday_rate":false,"all_equipment_apply_holiday_rate":false,"facilities":null,"site_id":32},{"name":"Gardena - Carson Family YMCA","id":4,"all_facility_apply_skip_date":false,"all_equipment_apply_skip_date":false,"all_facility_apply_holiday_rate":false,"all_equipment_apply_holiday_rate":false,"facilities":null,"site_id":21},{"name":"Hollywood YMCA","id":6,"all_facility_apply_skip_date":false,"all_equipment_apply_skip_date":false,"all_facility_apply_holiday_rate":false,"all_equipment_apply_holiday_rate":false,"facilities":null,"site_id":5},{"name":"KET 8th Street PS Site","id":61,"all_facility_apply_skip_date":false,"all_equipment_apply_skip_date":false,"all_facility_apply_holiday_rate":false,"all_equipment_apply_holiday_rate":false,"facilities":null,"site_id":9},{"name":"Ketchum - Downtown YMCA","id":11,"all_facility_apply_skip_date":false,"all_equipment_apply_skip_date":false,"all_facility_apply_holiday_rate":false,"all_equipment_apply_holiday_rate":false,"facilities":null,"site_id":9},{"name":"klong center1","id":152,"all_facility_apply_skip_date":false,"all_equipment_apply_skip_date":false,"all_facility_apply_holiday_rate":false,"all_equipment_apply_holiday_rate":false,"facilities":null,"site_id":44},{"name":"LimLi Center","id":146,"all_facility_apply_skip_date":false,"all_equipment_apply_skip_date":false,"all_facility_apply_holiday_rate":false,"all_equipment_apply_holiday_rate":false,"facilities":null,"site_id":35},{"name":"Lois Center","id":137,"all_facility_apply_skip_date":false,"all_equipment_apply_skip_date":false,"all_facility_apply_holiday_rate":false,"all_equipment_apply_holiday_rate":false,"facilities":null,"site_id":6},{"name":"Lois Center - AAA","id":135,"all_facility_apply_skip_date":false,"all_equipment_apply_skip_date":false,"all_facility_apply_holiday_rate":false,"all_equipment_apply_holiday_rate":false,"facilities":null,"site_id":2},{"name":"Lois Center - BBB","id":136,"all_facility_apply_skip_date":false,"all_equipment_apply_skip_date":false,"all_facility_apply_holiday_rate":false,"all_equipment_apply_holiday_rate":false,"facilities":null,"site_id":2},{"name":"Lois center 8484848484","id":148,"all_facility_apply_skip_date":false,"all_equipment_apply_skip_date":false,"all_facility_apply_holiday_rate":false,"all_equipment_apply_holiday_rate":false,"facilities":null,"site_id":35},{"name":"Mid Valley Family YMCA","id":15,"all_facility_apply_skip_date":false,"all_equipment_apply_skip_date":false,"all_facility_apply_holiday_rate":false,"all_equipment_apply_holiday_rate":false,"facilities":null,"site_id":11},{"name":"MOC Preschool","id":63,"all_facility_apply_skip_date":false,"all_equipment_apply_skip_date":false,"all_facility_apply_holiday_rate":false,"all_equipment_apply_holiday_rate":false,"facilities":null,"site_id":13},{"name":"Montebello - Commerce YMCA","id":17,"all_facility_apply_skip_date":false,"all_equipment_apply_skip_date":false,"all_facility_apply_holiday_rate":false,"all_equipment_apply_holiday_rate":false,"facilities":null,"site_id":13},{"name":"MVY Chandler CC Site","id":62,"all_facility_apply_skip_date":false,"all_equipment_apply_skip_date":false,"all_facility_apply_holiday_rate":false,"all_equipment_apply_holiday_rate":false,"facilities":null,"site_id":11},{"name":"Nana Center I","id":133,"all_facility_apply_skip_date":false,"all_equipment_apply_skip_date":false,"all_facility_apply_holiday_rate":false,"all_equipment_apply_holiday_rate":false,"facilities":null,"site_id":28},{"name":"Nana Center II","id":134,"all_facility_apply_skip_date":false,"all_equipment_apply_skip_date":false,"all_facility_apply_holiday_rate":false,"all_equipment_apply_holiday_rate":false,"facilities":null,"site_id":28},{"name":"North Valley Family YMCA at Porter Ranch","id":20,"all_facility_apply_skip_date":false,"all_equipment_apply_skip_date":false,"all_facility_apply_holiday_rate":false,"all_equipment_apply_holiday_rate":false,"facilities":null,"site_id":19},{"name":"NVY Beckford CC Site","id":79,"all_facility_apply_skip_date":false,"all_equipment_apply_skip_date":false,"all_facility_apply_holiday_rate":false,"all_equipment_apply_holiday_rate":false,"facilities":null,"site_id":19},{"name":"NVY Calahan CC Site","id":68,"all_facility_apply_skip_date":false,"all_equipment_apply_skip_date":false,"all_facility_apply_holiday_rate":false,"all_equipment_apply_holiday_rate":false,"facilities":null,"site_id":19},{"name":"NVY Castlebay CC Site","id":72,"all_facility_apply_skip_date":false,"all_equipment_apply_skip_date":false,"all_facility_apply_holiday_rate":false,"all_equipment_apply_holiday_rate":false,"facilities":null,"site_id":19},{"name":"NVY Danube CC Site","id":70,"all_facility_apply_skip_date":false,"all_equipment_apply_skip_date":false,"all_facility_apply_holiday_rate":false,"all_equipment_apply_holiday_rate":false,"facilities":null,"site_id":19},{"name":"NVY Darby CC Site","id":113,"all_facility_apply_skip_date":false,"all_equipment_apply_skip_date":false,"all_facility_apply_holiday_rate":false,"all_equipment_apply_holiday_rate":false,"facilities":null,"site_id":19},{"name":"NVY Dearborn CC Site","id":67,"all_facility_apply_skip_date":false,"all_equipment_apply_skip_date":false,"all_facility_apply_holiday_rate":false,"all_equipment_apply_holiday_rate":false,"facilities":null,"site_id":19},{"name":"NVY El Oro CC Site","id":71,"all_facility_apply_skip_date":false,"all_equipment_apply_skip_date":false,"all_facility_apply_holiday_rate":false,"all_equipment_apply_holiday_rate":false,"facilities":null,"site_id":19},{"name":"NVY Germain CC Site","id":66,"all_facility_apply_skip_date":false,"all_equipment_apply_skip_date":false,"all_facility_apply_holiday_rate":false,"all_equipment_apply_holiday_rate":false,"facilities":null,"site_id":19},{"name":"NVY Granada Hill CC Site","id":73,"all_facility_apply_skip_date":false,"all_equipment_apply_skip_date":false,"all_facility_apply_holiday_rate":false,"all_equipment_apply_holiday_rate":false,"facilities":null,"site_id":19},{"name":"NVY Granada PS Site","id":78,"all_facility_apply_skip_date":false,"all_equipment_apply_skip_date":false,"all_facility_apply_holiday_rate":false,"all_equipment_apply_holiday_rate":false,"facilities":null,"site_id":19},{"name":"NVY Harding CC Site","id":74,"all_facility_apply_skip_date":false,"all_equipment_apply_skip_date":false,"all_facility_apply_holiday_rate":false,"all_equipment_apply_holiday_rate":false,"facilities":null,"site_id":19},{"name":"NVY Haskell CC Site","id":75,"all_facility_apply_skip_date":false,"all_equipment_apply_skip_date":false,"all_facility_apply_holiday_rate":false,"all_equipment_apply_holiday_rate":false,"facilities":null,"site_id":19},{"name":"NVY Infant PS Center","id":76,"all_facility_apply_skip_date":false,"all_equipment_apply_skip_date":false,"all_facility_apply_holiday_rate":false,"all_equipment_apply_holiday_rate":false,"facilities":null,"site_id":19},{"name":"NVY Knollwood CC Site","id":77,"all_facility_apply_skip_date":false,"all_equipment_apply_skip_date":false,"all_facility_apply_holiday_rate":false,"all_equipment_apply_holiday_rate":false,"facilities":null,"site_id":19},{"name":"NVY Porter Middle School CC Site","id":65,"all_facility_apply_skip_date":false,"all_equipment_apply_skip_date":false,"all_facility_apply_holiday_rate":false,"all_equipment_apply_holiday_rate":false,"facilities":null,"site_id":19},{"name":"NVY Porter Ranch Community School","id":64,"all_facility_apply_skip_date":false,"all_equipment_apply_skip_date":false,"all_facility_apply_holiday_rate":false,"all_equipment_apply_holiday_rate":false,"facilities":null,"site_id":19},{"name":"NVY Superior CC Site","id":69,"all_facility_apply_skip_date":false,"all_equipment_apply_skip_date":false,"all_facility_apply_holiday_rate":false,"all_equipment_apply_holiday_rate":false,"facilities":null,"site_id":19},{"name":"NVY Topeka Elementary School","id":115,"all_facility_apply_skip_date":false,"all_equipment_apply_skip_date":false,"all_facility_apply_holiday_rate":false,"all_equipment_apply_holiday_rate":false,"facilities":null,"site_id":19},{"name":"NVY Van Gogh CC Site","id":80,"all_facility_apply_skip_date":false,"all_equipment_apply_skip_date":false,"all_facility_apply_holiday_rate":false,"all_equipment_apply_holiday_rate":false,"facilities":null,"site_id":19},{"name":"NVY Vintage Magnet Elementary School","id":116,"all_facility_apply_skip_date":false,"all_equipment_apply_skip_date":false,"all_facility_apply_holiday_rate":false,"all_equipment_apply_holiday_rate":false,"facilities":null,"site_id":19},{"name":"Palisades-Malibu YMCA","id":16,"all_facility_apply_skip_date":false,"all_equipment_apply_skip_date":false,"all_facility_apply_holiday_rate":false,"all_equipment_apply_holiday_rate":false,"facilities":null,"site_id":22},{"name":"PAM Webster CC Site","id":47,"all_facility_apply_skip_date":false,"all_equipment_apply_skip_date":false,"all_facility_apply_holiday_rate":false,"all_equipment_apply_holiday_rate":false,"facilities":null,"site_id":22},{"name":"PAS Don Benito CC Site","id":83,"all_facility_apply_skip_date":false,"all_equipment_apply_skip_date":false,"all_facility_apply_holiday_rate":false,"all_equipment_apply_holiday_rate":false,"facilities":null,"site_id":24},{"name":"PAS McKinley CC Site","id":81,"all_facility_apply_skip_date":false,"all_equipment_apply_skip_date":false,"all_facility_apply_holiday_rate":false,"all_equipment_apply_holiday_rate":false,"facilities":null,"site_id":24},{"name":"PAS Norma Coombs CC Site","id":82,"all_facility_apply_skip_date":false,"all_equipment_apply_skip_date":false,"all_facility_apply_holiday_rate":false,"all_equipment_apply_holiday_rate":false,"facilities":null,"site_id":24},{"name":"PAS Sierra Madre CC Site","id":84,"all_facility_apply_skip_date":false,"all_equipment_apply_skip_date":false,"all_facility_apply_holiday_rate":false,"all_equipment_apply_holiday_rate":false,"facilities":null,"site_id":24},{"name":"Pasadena YMCA","id":19,"all_facility_apply_skip_date":false,"all_equipment_apply_skip_date":false,"all_facility_apply_holiday_rate":false,"all_equipment_apply_holiday_rate":false,"facilities":null,"site_id":24},{"name":"SAC Castaic Elementary CC Site","id":85,"all_facility_apply_skip_date":false,"all_equipment_apply_skip_date":false,"all_facility_apply_holiday_rate":false,"all_equipment_apply_holiday_rate":false,"facilities":null,"site_id":25},{"name":"SAC Live Oak CC Site","id":86,"all_facility_apply_skip_date":false,"all_equipment_apply_skip_date":false,"all_facility_apply_holiday_rate":false,"all_equipment_apply_holiday_rate":false,"facilities":null,"site_id":25},{"name":"SAC Meadows CC Site","id":87,"all_facility_apply_skip_date":false,"all_equipment_apply_skip_date":false,"all_facility_apply_holiday_rate":false,"all_equipment_apply_holiday_rate":false,"facilities":null,"site_id":25},{"name":"SAC Old Orchard CC Site","id":88,"all_facility_apply_skip_date":false,"all_equipment_apply_skip_date":false,"all_facility_apply_holiday_rate":false,"all_equipment_apply_holiday_rate":false,"facilities":null,"site_id":25},{"name":"SAC Sulphur Springs CC Site","id":122,"all_facility_apply_skip_date":false,"all_equipment_apply_skip_date":false,"all_facility_apply_holiday_rate":false,"all_equipment_apply_holiday_rate":false,"facilities":null,"site_id":25},{"name":"SAC Valley View CC Site","id":89,"all_facility_apply_skip_date":false,"all_equipment_apply_skip_date":false,"all_facility_apply_holiday_rate":false,"all_equipment_apply_holiday_rate":false,"facilities":null,"site_id":25},{"name":"SAC Wiley CC Site","id":90,"all_facility_apply_skip_date":false,"all_equipment_apply_skip_date":false,"all_facility_apply_holiday_rate":false,"all_equipment_apply_holiday_rate":false,"facilities":null,"site_id":25},{"name":"SAF Immaculate Conception School","id":130,"all_facility_apply_skip_date":false,"all_equipment_apply_skip_date":false,"all_facility_apply_holiday_rate":false,"all_equipment_apply_holiday_rate":false,"facilities":null,"site_id":26},{"name":"San Pedro &amp; Peninsula YMCA","id":22,"all_facility_apply_skip_date":false,"all_equipment_apply_skip_date":false,"all_facility_apply_holiday_rate":false,"all_equipment_apply_holiday_rate":false,"facilities":null,"site_id":27},{"name":"Santa Anita Family YMCA","id":24,"all_facility_apply_skip_date":false,"all_equipment_apply_skip_date":false,"all_facility_apply_holiday_rate":false,"all_equipment_apply_holiday_rate":false,"facilities":null,"site_id":26},{"name":"Santa Clarita Valley Family YMCA","id":26,"all_facility_apply_skip_date":false,"all_equipment_apply_skip_date":false,"all_facility_apply_holiday_rate":false,"all_equipment_apply_holiday_rate":false,"facilities":null,"site_id":25},{"name":"Site BB Center","id":145,"all_facility_apply_skip_date":false,"all_equipment_apply_skip_date":false,"all_facility_apply_holiday_rate":false,"all_equipment_apply_holiday_rate":false,"facilities":null,"site_id":37},{"name":"South Pasadena San Marino YMCA","id":27,"all_facility_apply_skip_date":false,"all_equipment_apply_skip_date":false,"all_facility_apply_holiday_rate":false,"all_equipment_apply_holiday_rate":false,"facilities":null,"site_id":20},{"name":"Southeast-Rio Vista Family at Maywood YMCA","id":28,"all_facility_apply_skip_date":false,"all_equipment_apply_skip_date":false,"all_facility_apply_holiday_rate":false,"all_equipment_apply_holiday_rate":false,"facilities":null,"site_id":23},{"name":"SRV Alexander PS Site","id":91,"all_facility_apply_skip_date":false,"all_equipment_apply_skip_date":false,"all_facility_apply_holiday_rate":false,"all_equipment_apply_holiday_rate":false,"facilities":null,"site_id":23},{"name":"Torrance-South Bay YMCA","id":25,"all_facility_apply_skip_date":false,"all_equipment_apply_skip_date":false,"all_facility_apply_holiday_rate":false,"all_equipment_apply_holiday_rate":false,"facilities":null,"site_id":3},{"name":"TSB Anza CC Site","id":42,"all_facility_apply_skip_date":false,"all_equipment_apply_skip_date":false,"all_facility_apply_holiday_rate":false,"all_equipment_apply_holiday_rate":false,"facilities":null,"site_id":3},{"name":"TSB Arlington CC Site","id":33,"all_facility_apply_skip_date":false,"all_equipment_apply_skip_date":false,"all_facility_apply_holiday_rate":false,"all_equipment_apply_holiday_rate":false,"facilities":null,"site_id":3},{"name":"TSB Arnold CC Site","id":43,"all_facility_apply_skip_date":false,"all_equipment_apply_skip_date":false,"all_facility_apply_holiday_rate":false,"all_equipment_apply_holiday_rate":false,"facilities":null,"site_id":3},{"name":"TSB Carr CC Site","id":103,"all_facility_apply_skip_date":false,"all_equipment_apply_skip_date":false,"all_facility_apply_holiday_rate":false,"all_equipment_apply_holiday_rate":false,"facilities":null,"site_id":3},{"name":"TSB Edison CC Site","id":37,"all_facility_apply_skip_date":false,"all_equipment_apply_skip_date":false,"all_facility_apply_holiday_rate":false,"all_equipment_apply_holiday_rate":false,"facilities":null,"site_id":3},{"name":"TSB Hickory CC Site","id":36,"all_facility_apply_skip_date":false,"all_equipment_apply_skip_date":false,"all_facility_apply_holiday_rate":false,"all_equipment_apply_holiday_rate":false,"facilities":null,"site_id":3},{"name":"TSB Howard Wood CC Site","id":35,"all_facility_apply_skip_date":false,"all_equipment_apply_skip_date":false,"all_facility_apply_holiday_rate":false,"all_equipment_apply_holiday_rate":false,"facilities":null,"site_id":3},{"name":"TSB John Adams CC Site","id":39,"all_facility_apply_skip_date":false,"all_equipment_apply_skip_date":false,"all_facility_apply_holiday_rate":false,"all_equipment_apply_holiday_rate":false,"facilities":null,"site_id":3},{"name":"TSB Levy Preschool","id":38,"all_facility_apply_skip_date":false,"all_equipment_apply_skip_date":false,"all_facility_apply_holiday_rate":false,"all_equipment_apply_holiday_rate":false,"facilities":null,"site_id":3},{"name":"TSB Lincoln CC Site","id":40,"all_facility_apply_skip_date":false,"all_equipment_apply_skip_date":false,"all_facility_apply_holiday_rate":false,"all_equipment_apply_holiday_rate":false,"facilities":null,"site_id":3},{"name":"TSB Riviera CC Site","id":44,"all_facility_apply_skip_date":false,"all_equipment_apply_skip_date":false,"all_facility_apply_holiday_rate":false,"all_equipment_apply_holiday_rate":false,"facilities":null,"site_id":3},{"name":"TSB Seaside CC Site","id":46,"all_facility_apply_skip_date":false,"all_equipment_apply_skip_date":false,"all_facility_apply_holiday_rate":false,"all_equipment_apply_holiday_rate":false,"facilities":null,"site_id":3},{"name":"TSB Torrance Elementary School","id":106,"all_facility_apply_skip_date":false,"all_equipment_apply_skip_date":false,"all_facility_apply_holiday_rate":false,"all_equipment_apply_holiday_rate":false,"facilities":null,"site_id":3},{"name":"TSB Towers CC Site","id":45,"all_facility_apply_skip_date":false,"all_equipment_apply_skip_date":false,"all_facility_apply_holiday_rate":false,"all_equipment_apply_holiday_rate":false,"facilities":null,"site_id":3},{"name":"TSB Victor CC Site","id":41,"all_facility_apply_skip_date":false,"all_equipment_apply_skip_date":false,"all_facility_apply_holiday_rate":false,"all_equipment_apply_holiday_rate":false,"facilities":null,"site_id":3},{"name":"TSB Wateria CC Site","id":34,"all_facility_apply_skip_date":false,"all_equipment_apply_skip_date":false,"all_facility_apply_holiday_rate":false,"all_equipment_apply_holiday_rate":false,"facilities":null,"site_id":3},{"name":"WCH Annex Fireside Room","id":110,"all_facility_apply_skip_date":false,"all_equipment_apply_skip_date":false,"all_facility_apply_holiday_rate":false,"all_equipment_apply_holiday_rate":false,"facilities":null,"site_id":12},{"name":"WCH Blanco Park","id":112,"all_facility_apply_skip_date":false,"all_equipment_apply_skip_date":false,"all_facility_apply_holiday_rate":false,"all_equipment_apply_holiday_rate":false,"facilities":null,"site_id":12},{"name":"WCH Broadway Elementary School","id":117,"all_facility_apply_skip_date":false,"all_equipment_apply_skip_date":false,"all_facility_apply_holiday_rate":false,"all_equipment_apply_holiday_rate":false,"facilities":null,"site_id":12},{"name":"WCH Coeur D'Alene CC Site","id":93,"all_facility_apply_skip_date":false,"all_equipment_apply_skip_date":false,"all_facility_apply_holiday_rate":false,"all_equipment_apply_holiday_rate":false,"facilities":null,"site_id":12},{"name":"WCH Convenant Presbyterian Church","id":111,"all_facility_apply_skip_date":false,"all_equipment_apply_skip_date":false,"all_facility_apply_holiday_rate":false,"all_equipment_apply_holiday_rate":false,"facilities":null,"site_id":12},{"name":"WCH Cowan Avenue Elementary School","id":114,"all_facility_apply_skip_date":false,"all_equipment_apply_skip_date":false,"all_facility_apply_holiday_rate":false,"all_equipment_apply_holiday_rate":false,"facilities":null,"site_id":12},{"name":"WCH Jefferson Elementary","id":121,"all_facility_apply_skip_date":false,"all_equipment_apply_skip_date":false,"all_facility_apply_holiday_rate":false,"all_equipment_apply_holiday_rate":false,"facilities":null,"site_id":12},{"name":"WCH Kentwood Elementary","id":119,"all_facility_apply_skip_date":false,"all_equipment_apply_skip_date":false,"all_facility_apply_holiday_rate":false,"all_equipment_apply_holiday_rate":false,"facilities":null,"site_id":12},{"name":"WCH Peter Burnett Elementary School","id":118,"all_facility_apply_skip_date":false,"all_equipment_apply_skip_date":false,"all_facility_apply_holiday_rate":false,"all_equipment_apply_holiday_rate":false,"facilities":null,"site_id":12},{"name":"WCH Playa Del Rey Elementary","id":120,"all_facility_apply_skip_date":false,"all_equipment_apply_skip_date":false,"all_facility_apply_holiday_rate":false,"all_equipment_apply_holiday_rate":false,"facilities":null,"site_id":12},{"name":"Weingart East Los Angeles YMCA","id":23,"all_facility_apply_skip_date":false,"all_equipment_apply_skip_date":false,"all_facility_apply_holiday_rate":false,"all_equipment_apply_holiday_rate":false,"facilities":null,"site_id":17},{"name":"Weingart YMCA Wellness &amp; Aquatic Center","id":21,"all_facility_apply_skip_date":false,"all_equipment_apply_skip_date":false,"all_facility_apply_holiday_rate":false,"all_equipment_apply_holiday_rate":false,"facilities":null,"site_id":15},{"name":"WES Brentwood Youth Site","id":94,"all_facility_apply_skip_date":false,"all_equipment_apply_skip_date":false,"all_facility_apply_holiday_rate":false,"all_equipment_apply_holiday_rate":false,"facilities":null,"site_id":7},{"name":"West Valley Family YMCA","id":10,"all_facility_apply_skip_date":false,"all_equipment_apply_skip_date":false,"all_facility_apply_holiday_rate":false,"all_equipment_apply_holiday_rate":false,"facilities":null,"site_id":8},{"name":"Westchester Enriched Science Magnet Sch.","id":104,"all_facility_apply_skip_date":false,"all_equipment_apply_skip_date":false,"all_facility_apply_holiday_rate":false,"all_equipment_apply_holiday_rate":false,"facilities":null,"site_id":12},{"name":"Westchester Family YMCA","id":18,"all_facility_apply_skip_date":false,"all_equipment_apply_skip_date":false,"all_facility_apply_holiday_rate":false,"all_equipment_apply_holiday_rate":false,"facilities":null,"site_id":12},{"name":"Westside Family YMCA","id":14,"all_facility_apply_skip_date":false,"all_equipment_apply_skip_date":false,"all_facility_apply_holiday_rate":false,"all_equipment_apply_holiday_rate":false,"facilities":null,"site_id":7},{"name":"Wilmington Program Center YMCA","id":7,"all_facility_apply_skip_date":false,"all_equipment_apply_skip_date":false,"all_facility_apply_holiday_rate":false,"all_equipment_apply_holiday_rate":false,"facilities":null,"site_id":4},{"name":"WVY Bay Laurel CC Site","id":99,"all_facility_apply_skip_date":false,"all_equipment_apply_skip_date":false,"all_facility_apply_holiday_rate":false,"all_equipment_apply_holiday_rate":false,"facilities":null,"site_id":8},{"name":"WVY Justice CC Site","id":95,"all_facility_apply_skip_date":false,"all_equipment_apply_skip_date":false,"all_facility_apply_holiday_rate":false,"all_equipment_apply_holiday_rate":false,"facilities":null,"site_id":8},{"name":"WVY Pomelo CC Site","id":96,"all_facility_apply_skip_date":false,"all_equipment_apply_skip_date":false,"all_facility_apply_holiday_rate":false,"all_equipment_apply_holiday_rate":false,"facilities":null,"site_id":8},{"name":"WVY Round Meadow CC Site","id":101,"all_facility_apply_skip_date":false,"all_equipment_apply_skip_date":false,"all_facility_apply_holiday_rate":false,"all_equipment_apply_holiday_rate":false,"facilities":null,"site_id":8},{"name":"WVY Vanalden CC Site","id":100,"all_facility_apply_skip_date":false,"all_equipment_apply_skip_date":false,"all_facility_apply_holiday_rate":false,"all_equipment_apply_holiday_rate":false,"facilities":null,"site_id":8},{"name":"WVY Welby Way CC Site","id":98,"all_facility_apply_skip_date":false,"all_equipment_apply_skip_date":false,"all_facility_apply_holiday_rate":false,"all_equipment_apply_holiday_rate":false,"facilities":null,"site_id":8},{"name":"WVY Woodlake CC Site","id":97,"all_facility_apply_skip_date":false,"all_equipment_apply_skip_date":false,"all_facility_apply_holiday_rate":false,"all_equipment_apply_holiday_rate":false,"facilities":null,"site_id":8},{"name":"YMCA Camp High Sierra","id":31,"all_facility_apply_skip_date":false,"all_equipment_apply_skip_date":false,"all_facility_apply_holiday_rate":false,"all_equipment_apply_holiday_rate":false,"facilities":null,"site_id":10},{"name":"YMCA Camp Round Meadow","id":29,"all_facility_apply_skip_date":false,"all_equipment_apply_skip_date":false,"all_facility_apply_holiday_rate":false,"all_equipment_apply_holiday_rate":false,"facilities":null,"site_id":10},{"name":"YMCA Camp Whittle","id":30,"all_facility_apply_skip_date":false,"all_equipment_apply_skip_date":false,"all_facility_apply_holiday_rate":false,"all_equipment_apply_holiday_rate":false,"facilities":null,"site_id":10}]