[
  {
    "resourceName": "Equipment 2014",
    "eventType": "Richard Event Type",
    "isLinkedResourceBooking": false,
    "actualResourceName": null,
    "actualResourceNumber": null,
    "actualResourceType": "facility",
    "tentativeOwner": "",
    "nonExclusiveUsing": false,
    "reservationScope": "Normal",
    "reservationErrorMsg": null,
    "resourceBookingID": 25878,
    "actualResourceID": 0,
    "startEventDateTime": "01/27/2016 05:00",
    "endEventDateTime": "01/27/2016 06:00",
    "customDisplayDefinition": null,
    "canWaitlistConflicted": false,
    "confirmWaitlistConflict": false,
    "startScheduleDateTime": "01/27/2016 05:00",
    "endScheduleDateTime": "01/27/2016 06:00",
    "startScheduleDate": 1453842000000,
    "endScheduleDate": 1422309600000,
    "resourceType": "equipment",
    "eventName": "24676",
    "attendance": 1,
    "endEventDate": 1422309600000,
    "scheduleTypeID": 9,
    "startEventDate": 1453842000000,
    "resourceID": 129,
    "transactionID": 800592,
    "customerID": 307905,
    "customerType": "Customer",
    "permitID": 541,
    "permitNumber": 329,
    "permitDate": 1423059098000,
    "eventTypeID": 15,
    "prepCodeID": 0,
    "setupMinutes": 0,
    "eventNotes": "",
    "holdTypeID": 0,
    "customerName": "Alisa Acosta",
    "permitStatus": 0,
    "scheduleType": "Fiona Test",
    "prepCode": "--",
    "companyName": "",
    "balanceDue": null,
    "permitStatusDescription": "Approved",
    "cleanupMinutes": 0,
    "reservationExpiration": null,
    "resourceNumber": ""
  }
]
