[{"initial_payment_by_payment_on_plan":0,"cache":null,"permit_id":450,"site_name":"YMCA OF METROPOLITAN LOS ANGELES ONLINE","facilitySearch":null,"site_id":1,"event_type":"event type with charge comparison","customer_id":353762,"permitReadOnlyStatus":false,"lighting_PIN_required":true,"system_user":"Internet User","customer_name":"Ms. Claire De Jesus","event_dates":"1 booking 2014 Nov 19","eventEndingDate":null,"onlineCalendarId":0,"onlineCalendarDesc":"","event_name":"Ms. Claire De Jesus #242","center_name":"--","permit_number":242,"company_id":0,"permit_status":"Tentative","permitReadOnly":false,"permit_date":"Nov 11, 2014 10:24 PM"},{"initial_payment_by_payment_on_plan":0,"cache":null,"permit_id":456,"site_name":"YMCA OF METROPOLITAN LOS ANGELES ONLINE","facilitySearch":null,"site_id":1,"event_type":"event type with charge comparison","customer_id":353762,"permitReadOnlyStatus":false,"lighting_PIN_required":true,"system_user":"Internet User","customer_name":"Ms. Claire De Jesus","event_dates":"1 booking 2014 Nov 17","eventEndingDate":null,"onlineCalendarId":0,"onlineCalendarDesc":"","event_name":"Ms. Claire De Jesus #248","center_name":"--","permit_number":248,"company_id":0,"permit_status":"Completed","permitReadOnly":false,"permit_date":"Nov 11, 2014 11:18 PM"},{"initial_payment_by_payment_on_plan":0,"cache":null,"permit_id":455,"site_name":"YMCA OF METROPOLITAN LOS ANGELES ONLINE","facilitySearch":null,"site_id":1,"event_type":"event type without charge comparison","customer_id":353762,"permitReadOnlyStatus":false,"lighting_PIN_required":true,"system_user":"Internet User","customer_name":"Ms. Claire De Jesus","event_dates":"1 booking 2014 Nov 16","eventEndingDate":null,"onlineCalendarId":0,"onlineCalendarDesc":"","event_name":"Ms. Claire De Jesus #247","center_name":"--","permit_number":247,"company_id":0,"permit_status":"Denied","permitReadOnly":false,"permit_date":"Nov 11, 2014 11:14 PM"},{"initial_payment_by_payment_on_plan":0,"cache":null,"permit_id":438,"site_name":"YMCA OF METROPOLITAN LOS ANGELES ONLINE","facilitySearch":null,"site_id":1,"event_type":"event type without charge comparison","customer_id":359898,"permitReadOnlyStatus":false,"lighting_PIN_required":true,"system_user":"Internet User","customer_name":"Claire Creed","event_dates":"1 booking 2014 Nov 17","eventEndingDate":null,"onlineCalendarId":0,"onlineCalendarDesc":"","event_name":"Claire Creed #232","center_name":"--","permit_number":232,"company_id":0,"permit_status":"Tentative","permitReadOnly":false,"permit_date":"Nov 11, 2014 6:51 PM"},{"initial_payment_by_payment_on_plan":0,"cache":null,"permit_id":441,"site_name":"YMCA OF METROPOLITAN LOS ANGELES ONLINE","facilitySearch":null,"site_id":1,"event_type":"event type without charge comparison","customer_id":402722,"permitReadOnlyStatus":false,"lighting_PIN_required":true,"system_user":"Internet User","customer_name":"Claire Cruz","event_dates":"1 booking 2014 Nov 17","eventEndingDate":null,"onlineCalendarId":0,"onlineCalendarDesc":"","event_name":"Claire Cruz #235","center_name":"--","permit_number":235,"company_id":0,"permit_status":"Stage Denied","permitReadOnly":false,"permit_date":"Nov 11, 2014 7:03 PM"},{"initial_payment_by_payment_on_plan":0,"cache":null,"permit_id":444,"site_name":"YMCA OF METROPOLITAN LOS ANGELES ONLINE","facilitySearch":null,"site_id":1,"event_type":"event type without charge comparison","customer_id":588077,"permitReadOnlyStatus":false,"lighting_PIN_required":true,"system_user":"Internet User","customer_name":"Claire M Cullen","event_dates":"1 booking 2014 Nov 19","eventEndingDate":null,"onlineCalendarId":0,"onlineCalendarDesc":"","event_name":"Claire M Cullen #237","center_name":"--","permit_number":237,"company_id":0,"permit_status":"Issued","permitReadOnly":false,"permit_date":"Nov 11, 2014 9:30 PM"},{"initial_payment_by_payment_on_plan":0,"cache":null,"permit_id":39,"site_name":"YMCA OF METROPOLITAN LOS ANGELES ONLINE","facilitySearch":null,"site_id":1,"event_type":"Lois Test Event Type","customer_id":666571,"permitReadOnlyStatus":false,"lighting_PIN_required":true,"system_user":"Internet User","customer_name":"MISS LoisTest ChenTest","event_dates":"1 booking Jun 2, 2014","eventEndingDate":null,"onlineCalendarId":0,"onlineCalendarDesc":"","event_name":"FSDFsdf #24","center_name":"--","permit_number":24,"company_id":0,"permit_status":"Cancelled","permitReadOnly":false,"permit_date":"May 26, 2014 7:43 PM"},{"initial_payment_by_payment_on_plan":0,"cache":null,"permit_id":41,"site_name":"YMCA OF METROPOLITAN LOS ANGELES ONLINE","facilitySearch":null,"site_id":1,"event_type":"Lois Test Event Type","customer_id":666571,"permitReadOnlyStatus":false,"lighting_PIN_required":true,"system_user":"Internet User","customer_name":"MISS LoisTest ChenTest","event_dates":"1 booking Jun 4, 2014","eventEndingDate":null,"onlineCalendarId":0,"onlineCalendarDesc":"","event_name":"FSdfsdf #25","center_name":"--","permit_number":25,"company_id":0,"permit_status":"Waiting Decision","permitReadOnly":false,"permit_date":"May 26, 2014 8:02 PM"},{"initial_payment_by_payment_on_plan":0,"cache":null,"permit_id":198,"site_name":"YMCA OF METROPOLITAN LOS ANGELES ONLINE","facilitySearch":null,"site_id":1,"event_type":"Lois Test Event Type","customer_id":699392,"permitReadOnlyStatus":false,"lighting_PIN_required":true,"system_user":"Internet User","customer_name":"Ga8 Chen","event_dates":"1 booking 2014 Jul 20","eventEndingDate":null,"onlineCalendarId":0,"onlineCalendarDesc":"","event_name":"1 #79","center_name":"--","permit_number":79,"company_id":0,"permit_status":"Completed","permitReadOnly":false,"permit_date":"Jun 30, 2014 10:25 PM"},{"initial_payment_by_payment_on_plan":0,"cache":null,"permit_id":190,"site_name":"YMCA OF METROPOLITAN LOS ANGELES ONLINE","facilitySearch":null,"site_id":1,"event_type":"Lois Test Event Type","customer_id":699392,"permitReadOnlyStatus":false,"lighting_PIN_required":true,"system_user":"Internet User","customer_name":"Ga8 Chen","event_dates":"1 booking 2014 Jul 12","eventEndingDate":null,"onlineCalendarId":0,"onlineCalendarDesc":"","event_name":"fasdfasdf #72","center_name":"--","permit_number":72,"company_id":0,"permit_status":"On Hold","permitReadOnly":false,"permit_date":"Jun 30, 2014 9:56 PM"}]