[
    {
        "name":"17586 - NNNNNNNN",
        "id":41
    },
    {
        "name":"17586 - NO override",
        "id":36
    },
    {
        "name":"17586 - Override",
        "id":37
    },
    {
        "name":"17586 - override - Moneris",
        "id":40
    },
    {
        "name":"17586 - override - VirtualM",
        "id":42
    },
    {
        "name":"17586 Override - FDGG",
        "id":49
    },
    {
        "name":"3 canada site",
        "id":46
    },
    {
        "name":"3 site",
        "id":44
    },
    {
        "name":"3 site customize UI",
        "id":45
    },
    {
        "name":"A Site specific test",
        "id":39
    },
    {
        "name":"ANDERSON MUNGER FAMILY YMCA",
        "id":28
    },
    {
        "name":"ANTELOPE VALLEY FAMILY YMCA",
        "id":6
    },
    {
        "name":"Becky site",
        "id":50
    },
    {
        "name":"CAMPING SERVICES",
        "id":10
    },
    {
        "name":"CRENSHAW FAMILY YMCA",
        "id":29
    },
    {
        "name":"CULVER-PALMS FAMILY YMCA",
        "id":14
    },
    {
        "name":"Customer test site",
        "id":47
    },
    {
        "name":"D R Semmes Family YMCA at Tripoint",
        "id":48
    },
    {
        "name":"DOWNEY FAMILY YMCA",
        "id":16
    },
    {
        "name":"EAST LA WELLNESS CENTER",
        "id":31
    },
    {
        "name":"EAST VALLEY FAMILY YMCA",
        "id":18
    },
    {
        "name":"Fiona Color Site A",
        "id":32
    },
    {
        "name":"Fiona Color Site B",
        "id":33
    },
    {
        "name":"Fiona Color Site C",
        "id":34
    },
    {
        "name":"GARDENA-CARSON FAMILY YMCA",
        "id":21
    },
    {
        "name":"HOLLYWOOD YMCA",
        "id":5
    },
    {
        "name":"KETCHUM-DOWNTOWN YMCA",
        "id":9
    },
    {
        "name":"Lois Test - custom",
        "id":38
    },
    {
        "name":"METRO",
        "id":30
    },
    {
        "name":"MID VALLEY FAMILY YMCA",
        "id":11
    },
    {
        "name":"MONTEBELLO COMMERCE YMCA",
        "id":13
    },
    {
        "name":"NORTH VALLEY FAMILY YMCA at PORTER RANCH",
        "id":19
    },
    {
        "name":"PALISADES-MALIBU YMCA",
        "id":22
    },
    {
        "name":"PASADENA YMCA",
        "id":24
    },
    {
        "name":"QA test",
        "id":35
    },
    {
        "name":"SAN PEDRO & PENINSULA YMCA",
        "id":27
    },
    {
        "name":"SANTA ANITA FAMILY YMCA",
        "id":26
    },
    {
        "name":"SANTA CLARITA VALLEY YMCA",
        "id":25
    },
    {
        "name":"SOUTH PASADENA SAN MARINO YMCA",
        "id":20
    },
    {
        "name":"SOUTHEAST-RIO VISTA FAMILY at MAYWOOD YMCA",
        "id":23
    },
    {
        "name":"SSSSS for 17586 - First Date e4",
        "id":43
    },
    {
        "name":"TORRANCE-SOUTH BAY YMCA",
        "id":3
    },
    {
        "name":"WEINGART EAST LOS ANGELES YMCA",
        "id":17
    },
    {
        "name":"WEINGART YMCA WELLNESS & AQUATIC CENTER",
        "id":15
    },
    {
        "name":"WEST VALLEY FAMILY YMCA",
        "id":8
    },
    {
        "name":"WESTCHESTER FAMILY YMCA",
        "id":12
    },
    {
        "name":"WESTSIDE FAMILY YMCA",
        "id":7
    },
    {
        "name":"WILMINGTON PROGRAM CENTER YMCA",
        "id":4
    },
    {
        "name":"YMCA OF METROPOLITAN LOS ANGELES ONLINE",
        "id":1
    },
    {
        "name":"YMCA of Metropolitan Los Angeles(conversion site)",
        "id":2
    }
]