{
    "result": {
        "siteName1": [
            {
                "text": "centerName1",
                "value": "centerName11"
            },
            {
                "text": "centerName2",
                "value": "centerName12"
            }
        ],
        "siteName2": [
            {
                "text": "centerName21",
                "value": "centerName21"
            },
            {
                "text": "centerName22",
                "value": "centerName22"
            }
        ],
        "siteName3": [
            {
                "text": "centerName31",
                "value": "centerName31"
            },
            {
                "text": "centerName32",
                "value": "centerName32"
            }
        ],
        "siteName4": [
            {
                "text": "centerName41",
                "value": "centerName41"
            },
            {
                "text": "centerName42",
                "value": "centerName42"
            }
        ]
    }
}