{
	"result": [
                      {
                        "feeItem": "Party Room #3",
                        "date":"2015 Dec 21   8:00 AM  -  2015 Dec 25   8:00 PM",
                        "amount":"200",
                        "detail" : [
                                    {
                                      "feeItem": "Charge name 1",
                                      "qty":"2",
                                      "unitCharge":"80",
                                      "amount":"160"
                                    },
                                     {
                                      "feeItem": "Charge name 2",
                                      "qty":"1",
                                      "unitCharge":"40",
                                      "amount":"40"
                                    }
                                   ]
                      },
                      {
                        "feeItem": "Party Room #3",
                        "date":"2015 Dec 21   8:00 AM  -  2015 Dec 25   8:00 PM",
                        "amount":"200",
                        "detail" : [
                                    {
                                      "feeItem": "Charge name 1",
                                      "qty":"2",
                                      "unitCharge":"80",
                                      "amount":"160"
                                    },
                                     {
                                      "feeItem": "Charge name 2",
                                      "qty":"1",
                                      "unitCharge":"40",
                                      "amount":"40"
                                    }
                                   ]
                      }
                    ]
}